country,year,gov_control_corruption,gov_effectiveness,gov_political_stability,gov_regulatory_quality,gov_rule_of_law,gov_voice_accountability,female_account_ownership,female_labor_force_participation,vulnerable_employment_rate,youth_neet_rate,youth_unemployment_rate,refugee_population,asylum_seeker_population,idp_population,stateless_population,host_community_population
Ethiopia,2010,-0.6997533,-0.4772744,-1.5760665,-0.7207448,-0.8369645,-1.2490008,,74.36,88.8349580144057,,3.435,154288,1014,0,0,0
Ethiopia,2011,-0.6055573,-0.5169232,-1.5281949,-0.861597699999999,-0.847511,-1.2689659,,74.322,88.44281295247981,,3.42,288839,1340,0,0,0
Ethiopia,2012,-0.6106685,-0.4212532,-1.613535,-0.917400999999999,-0.7490211,-1.2547209,,74.286,88.0693385117263,,3.414,376388,837,0,0,0
Ethiopia,2013,-0.5672534,-0.5207719,-1.3952471,-1.06822369999999,-0.8458441,-1.3228999,,74.251,87.7271951584348,10.482,3.429,433933,930,0,0,0
Ethiopia,2014,-0.5429668,-0.451422999999999,-1.1765231,-0.9043825,-0.7533654,-1.3018621,21.0040311985886,72.219,87.26354900337009,,3.634,659520,4120,0,0,0
Ethiopia,2015,-0.5196265,-0.5298526,-1.26354339999999,-0.902880599999999,-0.805187299999999,-1.3145088,,70.185,86.8080524689374,,3.813,736081,2126,0,0,0
Ethiopia,2016,-0.435890499999999,-0.4771006,-1.43965759999999,-0.9613611,-0.798565,-1.3385295,,68.148,86.3623410416873,,4.031,791631,1948,0,0,0
Ethiopia,2017,-0.5649481,-0.5281279,-1.5195725,-0.898545399999999,-0.782502799999999,-1.369723,29.0754315174008,66.108,85.95136906007261,,4.25,889412,2593,1078429,0,0
Ethiopia,2018,-0.4565279,-0.5328814,-1.2054246,-0.846342199999999,-0.7938799,-1.1704682,,64.059,85.5703892314737,,4.515,903226,2136,2615800,0,0
Ethiopia,2019,-0.4268519,-0.5253376,-1.1789771,-0.828078099999999,-0.7767788,-1.01667779999999,,62.001,85.2199628039605,,4.752,733123,1677,1733628,0,0
Ethiopia,2020,-0.368558799999999,-0.551689499999999,-1.5934093,-0.8158694,-0.8139468,-1.0380249,,59.297,85.7358454393711,,6.356,800454,1901,2733628,0,0
Ethiopia,2021,-0.4003096,-0.650462099999999,-2.0139565,-0.7684521,-0.9484534,-1.0719325,,57.555,85.3372193352939,17.529,6.246,821283,2251,3646267,0,84953
Ethiopia,2022,-0.406565399999999,-0.7000773,-1.8659545,-0.7815691,-0.9181925,-1.1043087,38.7371742509369,58.001,85.0570339605148,,5.45,879598,2214,2730000,0,596148
Ethiopia,2023,-0.4629488,-0.6883758,-1.86375129999999,-0.8373693,-1.03931399999999,-1.1791506,,58.141,84.7805284836266,,5.455,979846,63747,2561497,0,1115201
Ethiopia,2024,-0.437863299999999,-0.645991,-1.88497389999999,-0.8332379,-1.04892419999999,-1.2423966,41.6159713320994,58.391,84.4685847333756,,5.449,1008826,63055,2272533,0,1876986
Ethiopia,2025,,,,,,,,,,,,1010466,112987,2378000,0,884231
Kenya,2010,-0.854366499999999,-0.5014835,-1.3827355,-0.352640099999999,-0.8769138,-0.3201097,,71.055,60.4144393357643,,7.049,402891,27957,300000,20000,0
Kenya,2011,-0.9218464,-0.530936,-1.4963456,-0.5228608,-0.866718299999999,-0.4458657,39.1788059462997,71.114,60.36979466167431,,6.924,566482,35268,300000,20000,0
Kenya,2012,-0.974947799999999,-0.468612,-1.4931583,-0.512205399999999,-0.7864458,-0.3543765,,71.175,60.3859276717689,,6.945,564921,41940,412000,20000,0
Kenya,2013,-0.9346291,-0.418693999999999,-1.1667366,-0.5061369,-0.7406402,-0.2687045,,71.235,60.39889030808151,,7.183,534935,52271,0,20000,0
Kenya,2014,-0.834178699999999,-0.4155586,-1.26316649999999,-0.3260229,-0.5508657,-0.195759,71.1344795524211,71.295,60.4059303984054,,7.253,551351,33994,0,20000,0
Kenya,2015,-0.9711807,-0.3675673,-1.2308131,-0.28953,-0.6423593,-0.2660841,,71.356,60.4082523896868,,7.299,553907,39953,0,20000,0
Kenya,2016,-0.900809099999999,-0.316579699999999,-1.17914689999999,-0.227071399999999,-0.612463299999999,-0.2881147,,71.417,60.4376479753784,13.731,7.333,451097,43748,0,20000,0
Kenya,2017,-0.8985955,-0.3033052,-1.1322093,-0.1985132,-0.5442175,-0.4085002,77.7463652423197,68.685,60.449708288726605,,9.097,431895,56499,0,18500,0
Kenya,2018,-0.8341484,-0.3449543,-1.1196296,-0.2993553,-0.5107269,-0.5310028,,65.814,60.417905308115806,,10.818,421243,50458,0,18500,0
Kenya,2019,-0.809611299999999,-0.2914418,-1.07516719999999,-0.3436142,-0.559008899999999,-0.500132799999999,,62.817,60.437655812684895,19.667,12.547,438899,50829,0,18500,0
Kenya,2020,-0.7505394,-0.3759713,-1.0502651,-0.460141099999999,-0.5784344,-0.435817599999999,,62.167,63.0648966221714,,13.619,452916,51916,0,16820,44000
Kenya,2021,-0.710787899999999,-0.3468069,-1.11021939999999,-0.424813499999999,-0.445618199999999,-0.437757499999999,75.3574331684213,62.668,64.8848849716783,18.503,12.232,481048,59001,0,16779,154150
Kenya,2022,-0.751285,-0.3324798,-0.962236,-0.3909087,-0.4245656,-0.250971899999999,,62.832,64.564882355435,,15.488,504473,69011,0,16779,401356
Kenya,2023,-0.7594497,-0.3131112,-0.971652,-0.3986548,-0.427558899999999,-0.2708269,,62.946,64.2693582037439,,15.164,538899,152942,0,9800,401356
Kenya,2024,-0.8018297,-0.2978904,-1.3556816,-0.3335684,-0.464532,-0.3542285,86.5155344015748,63.012,63.9701600622944,,15.477,604257,219647,0,9800,401356
Kenya,2025,,,,,,,,,,,,617125,218646,0,9800,401356
Rwanda,2010,0.2778291,-0.132928799999999,-0.2188587,-0.2827636,-0.4603771,-1.0672279,,54.141,44.04718335104971,,16.096,55398,284,0,0,0
Rwanda,2011,0.2939461,-0.1196507,-0.3008288,-0.1855541,-0.4166968,-1.04850359999999,28.2467125980262,54.209,43.74759340332462,,16.289,55325,291,0,0,0
Rwanda,2012,0.4271323999999999,-0.0899577999999999,-0.2583623,-0.1555961,-0.3228854,-0.8921912,,54.283,43.467304363922665,,16.251,58217,1473,0,0,0
Rwanda,2013,0.4277974,-0.0092550999999999,-0.309006499999999,-0.0719828,-0.2889095,-0.871129399999999,,54.357,43.240238464071474,,16.42,73352,210,0,0,0
Rwanda,2014,0.4896226999999999,-0.0403257,-0.1267104,0.1192636,-0.2189234,-0.8046126,35.3219449796634,54.433,43.0313030635298,5.159,16.554,73822,218,0,0,0
Rwanda,2015,0.5000821,-0.0496198,0.0986635999999999,0.1710905999999999,-0.1582498,-0.806716099999999,,54.516,42.79756323845086,,16.599,144739,406,0,0,0
Rwanda,2016,0.5807531,0.1202434,-0.0457773,0.1543532,-0.1233215,-0.819612999999999,,54.612,42.57949394717481,,16.595,156065,456,0,0,0
Rwanda,2017,0.5061897,0.316719,0.094453,0.1740956,-0.138634999999999,-0.7978938,44.9605015327419,54.723,42.15398148445025,25.594,16.732,170991,438,0,0,0
Rwanda,2018,0.4362084,0.2772379,0.1598446,0.1225588,-0.143413899999999,-0.7281791,,54.156,42.13910188537253,26.304,16.264,145359,423,0,0,0
Rwanda,2019,0.4520132,0.2289517999999999,0.1216069999999999,0.1094639999999999,-0.14057,-0.7025827,,51.87,41.87736120313532,28.55,16.052,145054,493,0,0,0
Rwanda,2020,0.5134655,0.2606136,0.1600852999999999,0.1214715,-0.0314872999999999,-0.7112164,,56.652,42.49259115565225,26.139,15.947,139491,465,0,0,8165
Rwanda,2021,0.4694992,0.2102833999999999,0.1152329999999999,0.1620438,0.0190329,-0.5382498,,52.58,37.07604185234571,29.042,23.312,121896,393,0,9500,8165
Rwanda,2022,0.5279543999999999,0.3684478,0.0294568999999999,0.1548275,0.0067627,-0.542473099999999,,54.695,37.98145019391212,28.584,22.203,120753,478,0,9500,11972
Rwanda,2023,0.6808504,0.4086662,0.0380222999999999,0.2251969999999999,0.0714762,-0.527114899999999,,58.044,40.17158728551336,27.923,18.172,115643,12660,0,9500,12139
Rwanda,2024,0.6254936,0.3489076,-0.0436888999999999,0.2696045999999999,0.1002757,-0.5889127,,57.099,39.83798544473488,25.862,16.555,114368,14193,0,14500,12134
Rwanda,2025,,,,,,,,,,,,115794,15251,0,14500,12197
Tanzania,2010,-0.493373299999999,-0.4529236,-0.05765,-0.4198204,-0.382002299999999,-0.0955584,,83.896,86.96963384491309,12.238,5.852,109286,1246,0,0,0
Tanzania,2011,-0.5267179,-0.492137499999999,-0.159101,-0.4341536,-0.382105,-0.0643784999999999,13.8239817090313,83.001,86.7450956484371,,6.761,131243,707,0,0,0
Tanzania,2012,-0.6184419,-0.601317299999999,-0.1246002,-0.484885599999999,-0.435475899999999,-0.1452958,,82.069,86.4700209879858,19.938,6.26,101021,521,0,0,0
Tanzania,2013,-0.6530961,-0.572305,-0.4223495,-0.435396599999999,-0.493487099999999,-0.1810193,,81.098,86.1759635426955,,5.689,102099,407,0,0,0
Tanzania,2014,-0.6311616,-0.4823648,-0.5068917,-0.422747999999999,-0.464479,-0.167283799999999,34.3341380343178,80.089,85.884077776924,14.932,3.693,88492,883,0,0,0
Tanzania,2015,-0.5825641,-0.3870031,-0.476783499999999,-0.434989099999999,-0.4023419,-0.1943605,,80.123,85.6128898007495,,3.443,211845,2150,0,0,0
Tanzania,2016,-0.4354617,-0.3515643,-0.537573,-0.4133538,-0.438044699999999,-0.280171499999999,,80.164,85.3318381384013,,3.241,281498,8539,0,0,0
Tanzania,2017,-0.3504596,-0.357548,-0.683829799999999,-0.5552419,-0.486800199999999,-0.3177506,42.1522209834672,80.202,85.04459776075831,,3.037,308528,44172,0,0,0
Tanzania,2018,-0.3396123,-0.4659659,-0.664168099999999,-0.646506599999999,-0.5520727,-0.4280458,,80.234,84.7572091184033,,2.846,278322,39659,0,0,0
Tanzania,2019,-0.2829332,-0.5098718,-0.5522151,-0.6926103,-0.5728339,-0.483773099999999,,80.265,84.4781408794749,,2.657,242171,29554,0,0,0
Tanzania,2020,-0.2540505,-0.4883765,-0.6629379,-0.7243573,-0.565190299999999,-0.5969078,,79.344,84.9585748486221,11.671,2.746,234645,28748,0,0,0
Tanzania,2021,-0.351543,-0.486840899999999,-0.5751002,-0.675339199999999,-0.5650588,-0.709892,46.0288815505263,80.425,84.4659525129507,,2.752,207101,27769,0,0,0
Tanzania,2022,-0.3590925,-0.427250199999999,-0.4815853,-0.611127699999999,-0.5495819,-0.685317,,80.273,84.2489653322953,,2.344,206229,28745,0,0,0
Tanzania,2023,-0.346236,-0.405130699999999,-0.2367117,-0.5906321,-0.4944742,-0.6271363,,80.33,84.0442207117152,,2.339,188953,40143,0,0,0
Tanzania,2024,-0.2941052,-0.2924507,-0.3895961,-0.5353705,-0.5194228,-0.6449938,54.9346318215236,80.288,83.86306655560699,12.828,2.334,176859,41264,0,0,0
Tanzania,2025,,,,,,,,,,,,171142,43262,0,0,0
Uganda,2010,-0.7605074,-0.4480976,-0.7511675,-0.289138699999999,-0.349823699999999,-0.570819899999999,,70.697,77.27755705741653,21.075,5.357,135799,20803,125598,0,0
Uganda,2011,-0.7939237,-0.477396999999999,-0.8769625,-0.3369277,-0.4625994,-0.6316759,15.0635186201917,77.925,76.97800823391589,11.268,5.098,139442,23449,29776,0,0
Uganda,2012,-0.8567334,-0.5124134,-0.860416499999999,-0.424255799999999,-0.4996961,-0.6295199,,65.505,76.7731763399305,14.527,5.275,197872,28061,0,0,0
Uganda,2013,-0.9342784,-0.4771163,-0.8925868,-0.438637599999999,-0.5574549,-0.687385,,81.909,76.48108962883084,5.91,2.591,220548,24216,0,0,0
Uganda,2014,-0.988474499999999,-0.3073649,-0.9764218,-0.407845399999999,-0.5832969,-0.656610599999999,36.6332838325585,75.641,76.56241076616739,10.233,3.324,385503,35468,0,0,0
Uganda,2015,-1.0129557,-0.3049149,-0.7914315,-0.3835765,-0.610189,-0.6660292,,73.722,76.45429287521455,,3.871,477187,35768,0,0,0
Uganda,2016,-0.9946961,-0.378526,-0.8144743,-0.394003899999999,-0.6395096,-0.8428062,,71.587,76.45516337423652,,4.411,940825,41872,0,0,0
Uganda,2017,-1.0168329,-0.364528099999999,-0.6855171,-0.3744284,-0.6572323,-0.8194545,52.7064122025169,69.217,76.47548189077698,18.104,5.052,1350495,44635,0,0,0
Uganda,2018,-1.0296281,-0.4963721,-0.7395762,-0.4010959,-0.693584099999999,-0.856554599999999,,71.687,76.19070892135602,,4.884,1165646,25269,0,0,0
Uganda,2019,-1.1024791,-0.5169667,-0.7746479,-0.4755833,-0.728266,-0.8769482,,73.85,75.88517306978068,10.684,4.691,1359458,21658,0,0,2304506
Uganda,2020,-0.936142199999999,-0.5765401,-0.842814499999999,-0.4951406,-0.690221499999999,-0.8633436,,73.976,75.81785900371737,,5.688,1421133,25236,0,0,2351313
Uganda,2021,-0.9322359,-0.5687509,-0.9440307,-0.4789234,-0.7277087,-0.9574486,65.0628896875427,74.672,75.2097418736505,13.765,5.04,1529903,43388,0,67000,2428906
Uganda,2022,-0.9890036,-0.5149724,-1.0920608,-0.4763192,-0.729024799999999,-0.9718922,,75.364,75.03466028187324,,4.335,1463523,32166,0,67000,2581900
Uganda,2023,-0.996690299999999,-0.4315787,-1.0298391,-0.500208099999999,-0.752792999999999,-0.9287886,,75.445,74.82705123893913,,4.208,1577498,37657,0,67000,2659400
Uganda,2024,-1.11616729999999,-0.3501362,-1.0222248,-0.5242817,-0.738524299999999,-1.0129302,66.3670902474203,75.556,74.57635437701046,,4.211,1759492,37105,0,10284,3200000
Uganda,2025,,,,,,,,,,,,1936719,35249,0,10284,3271000
