country,indicator,year_used_early,value_early,year_used_recent,value_recent,change,actual_ownership_change
Kenya,"Lower secondary completion rate, female (% of relevant age group)",2016,80.4355110017297,2023,104.061479861501,23.625968859771305,-12.7
Rwanda,"Lower secondary completion rate, female (% of relevant age group)",2019,44.8303749459682,2023,35.7384961993836,-9.091878746584603,13.2
Rwanda,"Literacy rate, adult female (% of females ages 15 and above)",2020,77.8099975585938,2022,76.6999969482422,-1.1100006103516051,13.2
Tanzania,"Lower secondary completion rate, female (% of relevant age group)",2016,30.949484290963,2023,38.7482942562957,7.798809965332701,-11.5
Tanzania,"Literacy rate, adult female (% of females ages 15 and above)",2020,78.4582997743448,2022,73.129997253418,-5.328302520926798,-11.5
Uganda,"Lower secondary completion rate, female (% of relevant age group)",2016,27.2166500091553,2017,25.0749893188477,-2.1416606903075994,1.5
Uganda,"Literacy rate, adult female (% of females ages 15 and above)",2016,61.0,2024,73.4800033569336,12.480003356933594,1.5
Ethiopia,"Lower secondary completion rate, female (% of relevant age group)",2022,21.4115390777588,2023,21.143808286147,-0.2677307916118003,-3.0
Ethiopia,"Literacy rate, adult female (% of females ages 15 and above)",2016,34.4199981689453,2022,49.9599990844727,15.5400009155274,-3.0
